[
  {
    "fluidName": "water",
    "input": "ore:dust",
    "output": "minecraft:clay:0"
  },
  {
    "fluidName": "lava",
    "input": "ore:dustRedstone",
    "output": "minecraft:netherrack:0"
  },
  {
    "fluidName": "lava",
    "input": "ore:dustGlowstone",
    "output": "minecraft:end_stone:0"
  },
  {
    "fluidName": "witchwater",
    "input": "ore:sand",
    "output": "minecraft:soul_sand:0"
  },
  {
    "fluidName": "milk",
    "input": "minecraft:brown_mushroom:0",
    "output": "minecraft:slime:0",
    "toSpawn": "Slime",
    "spawnCount": 4,
    "spawnRange": 2
  },
  {
    "fluidName": "milk",
    "input": "minecraft:red_mushroom:0",
    "output": "minecraft:slime:0",
    "toSpawn": "Slime",
    "spawnCount": 4,
    "spawnRange": 2
  },
  {
    "fluidName": "water",
    "input": "minecraft:concrete_powder:0",
    "output": "minecraft:concrete:0"
  },
  {
    "fluidName": "water",
    "input": "minecraft:concrete_powder:1",
    "output": "minecraft:concrete:1"
  },
  {
    "fluidName": "water",
    "input": "minecraft:concrete_powder:2",
    "output": "minecraft:concrete:2"
  },
  {
    "fluidName": "water",
    "input": "minecraft:concrete_powder:3",
    "output": "minecraft:concrete:3"
  },
  {
    "fluidName": "water",
    "input": "minecraft:concrete_powder:4",
    "output": "minecraft:concrete:4"
  },
  {
    "fluidName": "water",
    "input": "minecraft:concrete_powder:5",
    "output": "minecraft:concrete:5"
  },
  {
    "fluidName": "water",
    "input": "minecraft:concrete_powder:6",
    "output": "minecraft:concrete:6"
  },
  {
    "fluidName": "water",
    "input": "minecraft:concrete_powder:7",
    "output": "minecraft:concrete:7"
  },
  {
    "fluidName": "water",
    "input": "minecraft:concrete_powder:8",
    "output": "minecraft:concrete:8"
  },
  {
    "fluidName": "water",
    "input": "minecraft:concrete_powder:9",
    "output": "minecraft:concrete:9"
  },
  {
    "fluidName": "water",
    "input": "minecraft:concrete_powder:10",
    "output": "minecraft:concrete:10"
  },
  {
    "fluidName": "water",
    "input": "minecraft:concrete_powder:11",
    "output": "minecraft:concrete:11"
  },
  {
    "fluidName": "water",
    "input": "minecraft:concrete_powder:12",
    "output": "minecraft:concrete:12"
  },
  {
    "fluidName": "water",
    "input": "minecraft:concrete_powder:13",
    "output": "minecraft:concrete:13"
  },
  {
    "fluidName": "water",
    "input": "minecraft:concrete_powder:14",
    "output": "minecraft:concrete:14"
  },
  {
    "fluidName": "water",
    "input": "minecraft:concrete_powder:15",
    "output": "minecraft:concrete:15"
  },
  {
    "fluidName": "lava",
    "input": "appliedenergistics2:material:45",
    "output": "appliedenergistics2:sky_stone_block:0"
  },

  {
    "fluidName": "binnie.sap",
    "input": "contenttweaker:cow_stone:0",
    "output": "minecraft:dirt:0",
    "toSpawn": "Cow",
    "spawnCount": 1,
    "spawnRange": 2
  },
  {
    "fluidName": "blood",
    "input": "contenttweaker:blaze_stone:0",
    "output": "minecraft:dirt:0",
    "toSpawn": "Blaze",
    "spawnCount": 1,
    "spawnRange": 2
  },
  {
    "fluidName": "diluted_milk_powder",
    "input": "contenttweaker:chicken_stone:0",
    "output": "minecraft:dirt:0",
    "toSpawn": "Chicken",
    "spawnCount": 1,
    "spawnRange": 2
  },
  {
    "fluidName": "dirt",
    "input": "contenttweaker:creeper_stone:0",
    "output": "minecraft:dirt:0",
    "toSpawn": "Creeper",
    "spawnCount": 1,
    "spawnRange": 2
  },
  {
    "fluidName": "ender",
    "input": "contenttweaker:enderman_stone:0",
    "output": "minecraft:dirt:0",
    "toSpawn": "Enderman",
    "spawnCount": 1,
    "spawnRange": 2
  },
  {
    "fluidName": "blueslime",
    "input": "contenttweaker:ghast_stone:0",
    "output": "minecraft:dirt:0",
    "toSpawn": "Ghast",
    "spawnCount": 1,
    "spawnRange": 5
  },
  {
    "fluidName": "milk",
    "input": "contenttweaker:magmacube_stone:0",
    "output": "minecraft:dirt:0",
    "toSpawn": "magma_cube",
    "spawnCount": 1,
    "spawnRange": 2
  },
  {
    "fluidName": "donut",
    "input": "contenttweaker:ocelot_stone:0",
    "output": "minecraft:dirt:0",
    "toSpawn": "Ocelot",
    "spawnCount": 1,
    "spawnRange": 2
  },
  {
    "fluidName": "cookie_dough",
    "input": "contenttweaker:parrot_stone:0",
    "output": "minecraft:dirt:0",
    "toSpawn": "Parrot",
    "spawnCount": 1,
    "spawnRange": 2
  },
  {
    "fluidName": "mushroom_stew",
    "input": "contenttweaker:rabbit_stone:0",
    "output": "minecraft:dirt:0",
    "toSpawn": "Rabbit",
    "spawnCount": 1,
    "spawnRange": 2
  },
  {
    "fluidName": "diluted_milk_powder",
    "input": "contenttweaker:sheep_stone:0",
    "output": "minecraft:dirt:0",
    "toSpawn": "Sheep",
    "spawnCount": 1,
    "spawnRange": 2
  },
  {
    "fluidName": "ender",
    "input": "contenttweaker:shulker_stone:0",
    "output": "minecraft:dirt:0",
    "toSpawn": "Shulker",
    "spawnCount": 1,
    "spawnRange": 2
  },
  {
    "fluidName": "lava",
    "input": "contenttweaker:skeleton_stone:0",
    "output": "minecraft:dirt:0",
    "toSpawn": "Skeleton",
    "spawnCount": 1,
    "spawnRange": 2
  },
  {
    "fluidName": "milk",
    "input": "contenttweaker:slime_stone:0",
    "output": "minecraft:dirt:0",
    "toSpawn": "Slime",
    "spawnCount": 1,
    "spawnRange": 3
  },
  {
    "fluidName": "diluted_milk_powder",
    "input": "contenttweaker:spider_stone:0",
    "output": "minecraft:dirt:0",
    "toSpawn": "Spider",
    "spawnCount": 1,
    "spawnRange": 2
  },
  {
    "fluidName": "milk",
    "input": "contenttweaker:witch_stone:0",
    "output": "minecraft:dirt:0",
    "toSpawn": "Witch",
    "spawnCount": 1,
    "spawnRange": 2
  },
  {
    "fluidName": "lava",
    "input": "contenttweaker:wither_skeleton_stone:0",
    "output": "minecraft:dirt:0",
    "toSpawn": "wither_skeleton",
    "spawnCount": 1,
    "spawnRange": 2
  },
  {
    "fluidName": "bacon",
    "input": "contenttweaker:wolf_stone:0",
    "output": "minecraft:dirt:0",
    "toSpawn": "Wolf",
    "spawnCount": 1,
    "spawnRange": 2
  },
  {
    "fluidName": "witchwater",
    "input": "contenttweaker:zombie_pigman_stone:0",
    "output": "minecraft:dirt:0",
    "toSpawn": "zombie_pigman",
    "spawnCount": 1,
    "spawnRange": 2
  },
  {
    "fluidName": "witchwater",
    "input": "contenttweaker:zombie_stone:0",
    "output": "minecraft:dirt:0",
    "toSpawn": "Zombie",
    "spawnCount": 1,
    "spawnRange": 2
  },
  {
    "fluidName": "dirt",
    "input": "contenttweaker:pig_stone:0",
    "output": "minecraft:dirt:0",
    "toSpawn": "Pig",
    "spawnCount": 1,
    "spawnRange": 2
  },
  {
    "fluidName": "witchwater",
    "input": "contenttweaker:mooshroom_stone:0",
    "output": "minecraft:dirt:0",
    "toSpawn": "Mooshroom",
    "spawnCount": 1,
    "spawnRange": 2
  },
  {
    "fluidName": "witchwater",
    "input": "contenttweaker:blizz_stone:0",
    "output": "minecraft:dirt:0",
    "toSpawn": "thermalfoundation:blizz",
    "spawnCount": 1,
    "spawnRange": 2
  },
  {
    "fluidName": "witchwater",
    "input": "contenttweaker:blitz_stone:0",
    "output": "minecraft:dirt:0",
    "toSpawn": "thermalfoundation:blitz",
    "spawnCount": 1,
    "spawnRange": 2
  },
  {
    "fluidName": "witchwater",
    "input": "contenttweaker:basalz_stone:0",
    "output": "minecraft:dirt:0",
    "toSpawn": "thermalfoundation:basalz",
    "spawnCount": 1,
    "spawnRange": 2
  },
  {
    "fluidName": "witchwater",
    "input": "contenttweaker:blueslime_stone:0",
    "output": "minecraft:dirt:0",
    "toSpawn": "tconstruct:blueslime",
    "spawnCount": 1,
    "spawnRange": 2
  }
]